{
  "model_type": "Random Forest Regressor",
  "training_summary": {
    "total_features": 7,
    "top_features": [
      [
        "word_count",
        0.4820584229941925
      ],
      [
        "sections_count",
        0.30664669797732275
      ],
      [
        "skills_count",
        0.21129487902848462
      ],
      [
        "action_verbs_count",
        0.0
      ],
      [
        "metrics_count",
        0.0
      ]
    ]
  },
  "performance": {
    "test": {
      "r2": -0.8454116593877439,
      "mae": 15.603386904543287,
      "rmse": 16.637660559951374,
      "mse": 276.81174890816146
    },
    "train": {
      "r2": 0.12672416643656514,
      "mae": 10.789024902929969,
      "rmse": 14.493087000644824,
      "mse": 210.04957080825997
    },
    "cross_validation": {
      "mean_r2": -1.1105480930950482,
      "std_r2": 1.214322824577496,
      "all_folds": [
        -0.1770127754255566,
        -0.0009685761731828002,
        -0.9607886242419819,
        -3.3993501142837994,
        -1.0146203753507197
      ]
    }
  },
  "overfitting_analysis": {
    "train_r2": 0.12672416643656514,
    "test_r2": -0.8454116593877439,
    "gap": 0.972135825824309,
    "status": "WARNING"
  }
}