{
  "train_metrics": {
    "r2": 0.12672416643656514,
    "mae": 10.789024902929969,
    "rmse": 14.493087000644824,
    "mse": 210.04957080825997
  },
  "test_metrics": {
    "r2": -0.8454116593877439,
    "mae": 15.603386904543287,
    "rmse": 16.637660559951374,
    "mse": 276.81174890816146
  },
  "cv_scores": [
    -0.1770127754255566,
    -0.0009685761731828002,
    -0.9607886242419819,
    -3.3993501142837994,
    -1.0146203753507197
  ],
  "feature_importance": {
    "word_count": 0.4820584229941925,
    "sections_count": 0.30664669797732275,
    "skills_count": 0.21129487902848462,
    "action_verbs_count": 0.0,
    "metrics_count": 0.0,
    "contact_info_score": 0.0,
    "bullet_points": 0.0
  },
  "model_type": "RandomForestRegressor",
  "timestamp": "2026-05-21T09:57:47.649500"
}